Manufacturer,Region,Position,Relevant_Products,Strengths,Risks,ADVIS_Role
Texas Instruments,USA,Open automotive ADAS SoC,"AM62A, TDA4VEN/VL/AL/VE/VM/AP/VH","Excellent public docs, EVMs, safety software, camera/radar examples",TIDL operator limitations and family complexity,Primary benchmark and current implementation
Renesas,Japan,Open automotive ADAS SoC,"R-Car V3H, V4M, V4H","Strong automotive safety, low-power smart camera, RoX ecosystem","RFQ board access, proprietary accelerators",Highest-priority non-TI production RFQ
NXP,Netherlands/USA,Safety-enabled automotive processors,"i.MX95, S32V legacy, S32N host","Good Linux/QNX/eIQ, long lifecycle, security",i.MX95 only 2 TOPS; dedicated ADAS line less direct,DMS/OMS/general edge and central-host alternative
Ambarella,USA,Low-power AI vision specialist,"CV22FS, CV2FS, CV3","Excellent ISP, power efficiency, camera-first architecture",NDA/closed tools and pricing,Highest-priority low-power smart-camera RFQ
Qualcomm,USA,Automotive ADAS and central compute,"Snapdragon Ride, Ride Flex, Ride Elite","Global OEM scale, mixed criticality, strong AI/cockpit integration",Restricted programme access and opaque prices,"Strategic high-volume platform, not first PoC"
NVIDIA,USA,Premium ADAS/AD compute,"DRIVE Orin, DRIVE Thor",Best CUDA ecosystem and large-model performance,"Cost, power and programme scale",Premium benchmark and research
Mobileye,Israel,Closed full-stack ADAS,"EyeQ6L/H, EyeQ Ultra","Proven ADAS stack, low power, validation scale",No open ADVIS model ownership,Competitive/partner benchmark only
Horizon Robotics,China,Automotive ADAS SoC and stack,Journey 3/5/6,"Mass-production China ecosystem, broad 10–560 TOPS ladder",Export/tool/support and geopolitics,Cost/performance scouting
Black Sesame Technologies,China,Automotive ADAS SoC startup,A1000/A1000 Pro/A2000,Automotive certification and strong AI compute,Limited global ecosystem and specs,Alternative domain-controller RFQ
Nextchip,South Korea,Automotive edge vision specialist,APACHE5/6,"ASIL-focused, low-power, 1.6 TOPS low-cost edge processor",Smaller ecosystem and headroom,Highest-priority underused low-cost candidate
indie Semiconductor,USA,Automotive sensing/vision processor,iND881/iND880/GW5,"Distributed camera intelligence, ISP, ASIL-B",Not full central compute for all ADVIS workloads,DMS/surround edge-node and preprocessor
Telechips,South Korea,Automotive cockpit/ADAS SoC,Dolphin5,"Arm safety IP, automotive production relationships",Public ADAS specs limited,Underused cross-domain RFQ
Hailo,Israel,Automotive AI accelerator/vision SoC,"Hailo-8, Hailo-15","26 TOPS at low power, automotive-grade IC option, purchasable modules",Requires host/ISP/safety architecture,Best accelerator-based alternate
Kneron,USA/Taiwan,Low-power edge AI startup,KL730,"Very low power, integrated ISP, accessible boards",eTOPS and safety claims need audit,DMS/basic ADAS auxiliary candidate
DEEPX,South Korea,Edge AI accelerator startup,DX-M1,"25 TOPS at 1–5W, AEC variants, broad frameworks","Not standalone, young ecosystem",Promising low-power host+accelerator path
Blaize,USA,Graph-streaming edge AI,Pathfinder P1600,"Flexible edge inferencing, automotive market focus",Limited safety evidence and ecosystem,Research/RFQ
AMD,USA,Adaptive automotive compute,XA Versal AI Edge,Maximum I/O flexibility and deterministic FPGA pipelines,High NRE and cost,Custom fusion/high-end sensor interface
Rockchip,China,Consumer/industrial edge SoC,RK3588/RK3576/RV1126,"Very low board cost, mature video, accessible",No functional safety and fragmented BSP,Prototype only
Axera,China,Edge vision SoC startup,AX650N/AX630C,High advertised TOPS at low cost,No automotive safety/lifecycle evidence,Prototype challenger
Sophgo,China,RISC-V/TPU edge AI,CV186AH/BM1684X,Affordable AI acceleration,"Not automotive, smaller ecosystem",Prototype AI box
MediaTek,Taiwan,Automotive cross-domain platform,Dimensity Auto Drive,Scale and integration potential,Closed design-in and sparse public safety details,Strategic scouting
Samsung,South Korea,Automotive application processor,Exynos Auto V920,Strong CPU/GPU/NPU and automotive manufacturing,"Cockpit-centric, closed access",Cross-domain scouting
